{
 "mdsDat": {
 "x": [ 0.1410168, -0.305653, 0.2536407, -0.2934819, 0.2044774 ],
"y": [ 0.01777183, -0.002975039, 0.04617329, 0.005341566, -0.06631164 ],
"topics": [ 1, 2, 3, 4, 5 ],
"Freq": [ 41.08623, 17.04505,  16.6332, 15.03732,  10.1982 ],
"cluster": [        1,        1,        1,        1,        1 ] 
},
"tinfo": {
 "Term": [ "did", "the", "discrimination", "how", null, null, null, null, null, null, null, null, null, null, null, null, null, null, null, null, null, null, null, null, null, null, null, null, null, null, "the", "discrimination", "how", "did", null, "did", "how", "discrimination", "the", null, "the", "discrimination", "how", "did", null, "did", "how", "discrimination", "the", null, "discrimination", "the", "how", "did", null ],
"logprob": [       30,       29,       28,       27,       26,       25,       24,       23,       22,       21,       20,       19,       18,       17,       16,       15,       14,       13,       12,       11,       10,        9,        8,        7,        6,        5,        4,        3,        2,        1,  -0.6482,  -1.2272,  -1.7251,  -5.1591, null,  -0.4453,  -1.1144,  -4.1589,  -4.1589, null,  -0.2271,   -1.761,  -4.1589,  -4.1589, null,   -0.555,  -0.9445,   -3.989,   -3.989, null,  -0.4818,  -1.1285,  -3.5264,  -3.5264, null ],
"loglift": [       30,       29,       28,       27,       26,       25,       24,       23,       22,       21,       20,       19,       18,       17,       16,       15,       14,       13,       12,       11,       10,        9,        8,        7,        6,        5,        4,        3,        2,        1,   0.3041,   0.2986,  -0.0811,  -3.5669, null,   1.1469,   0.5296,  -2.6331,  -3.2066, null,   0.7252,  -0.2352,  -2.5149,  -2.5667, null,   1.0372,   0.6995,  -2.4632,  -3.0367, null,   1.0439,  -0.1762,  -1.8824,  -1.9342, null ],
"Freq": [        7,       14,        8,        7, null, null, null, null, null, null, null, null, null, null, null, null, null, null, null, null, null, null, null, null, null, null, null, null, null, null, 7.950421, 4.455731, 2.708385, 0.08736727, null, 4.040208, 2.069375, 0.09854167, 0.09854167, null, 4.904196, 1.057768, 0.09616071, 0.09616071, null, 3.194039, 2.163704, 0.1030335, 0.1030335, null, 2.330588, 1.220784, 0.1109804, 0.1109804, null ],
"Total": [        7,       14,        8,        7, null, null, null, null, null, null, null, null, null, null, null, null, null, null, null, null, null, null, null, null, null, null, null, null, null, null, 14.27698, 8.045662, 7.148605, 7.528756, null, 7.528756, 7.148605, 8.045662, 14.27698, null, 14.27698, 8.045662, 7.148605, 7.528756, null, 7.528756, 7.148605, 8.045662, 14.27698, null, 8.045662, 14.27698, 7.148605, 7.528756, null ],
"Category": [ "Default", "Default", "Default", "Default", "Default", "Default", "Default", "Default", "Default", "Default", "Default", "Default", "Default", "Default", "Default", "Default", "Default", "Default", "Default", "Default", "Default", "Default", "Default", "Default", "Default", "Default", "Default", "Default", "Default", "Default", "Topic1", "Topic1", "Topic1", "Topic1", "Topic1", "Topic2", "Topic2", "Topic2", "Topic2", "Topic2", "Topic3", "Topic3", "Topic3", "Topic3", "Topic3", "Topic4", "Topic4", "Topic4", "Topic4", "Topic4", "Topic5", "Topic5", "Topic5", "Topic5", "Topic5" ] 
},
"token.table": {
 "Term": [ "did", "did", "discrimination", "discrimination", "discrimination", "how", "how", "how", "the", "the", "the" ],
"Topic": [ 2, 4, 1, 3, 5, 1, 2, 4, 1, 3, 5 ],
"Freq": [ 0.5312963, 0.3984722, 0.4971623, 0.1242906, 0.2485812, 0.4196623, 0.2797749, 0.2797749, 0.5603427, 0.3502142, 0.07004284 ] 
},
"R":       30,
"lambda.step":     0.01,
"plot.opts": {
 "xlab": "PC1",
"ylab": "PC2" 
},
"topic.order": [ 5, 4, 2, 3, 1 ] 
}